https://muftiwp.gov.my/ms/artikel/bayan-li-al-haj/2560-bayan-li-al-haj-siri-ke-36-bayar-dam-di-malaysia	BAYAN LI AL-HAJ SIRI KE-36 : BAYAR DAM DI MALAYSIA
https://muftiwp.gov.my/ms/artikel/bayan-li-al-haj/2747-bayan-li-al-haj-siri-ke-37-perkara-yang-boleh-dilakukan-selepas-tawaf-wada	BAYAN LI AL-HAJ SIRI KE-37: PERKARA YANG BOLEH DILAKUKAN SELEPAS TAWAF WADA’
https://muftiwp.gov.my/ms/artikel/bayan-li-al-haj/3300-bayan-li-al-haj-siri-ke-38-badal-haji-atau-infaq-untuk-arwah-datuk-dan-nenek-lebih-utama	BAYAN LI AL-HAJ SIRI KE-38: BADAL HAJI ATAU INFAQ UNTUK ARWAH DATUK DAN NENEK LEBIH UTAMA?
https://muftiwp.gov.my/ms/artikel/bayan-li-al-haj/3836-bayan-li-al-haj-siri-ke-39-hukum-seorang-wanita-menunaikan-umrah-tanpa-mahram	BAYAN LI AL-HAJ SIRI KE 39 : HUKUM SEORANG WANITA MENUNAIKAN UMRAH TANPA MAHRAM
https://muftiwp.gov.my/ms/artikel/bayan-li-al-haj/4041-bayan-li-al-haj-siri-ke-40-makan-cengkih-semasa-ihram-tidak-dikenakan-dam	BAYAN LI AL-HAJ SIRI KE 40 : MAKAN CENGKIH SEMASA IHRAM TIDAK DIKENAKAN DAM
https://muftiwp.gov.my/ms/artikel/bayan-li-al-haj/672-bayan-li-al-haj-siri-ke-35-bertahallul-sebelum-cukup-tujuh-tawaf	BAYAN LI AL-HAJ SIRI KE-35 : BERTAHALLUL SEBELUM CUKUP TUJUH TAWAF
https://muftiwp.gov.my/ms/artikel/bayan-li-al-haj/673-bayan-li-al-haj-siri-ke-34-melontar-jamratul-sughra-pada-10-zulhijjah-kemudian-bergunting	BAYAN LI AL-HAJ SIRI KE- 34 : MELONTAR JAMRATUL SUGHRA PADA 10 ZULHIJJAH KEMUDIAN BERGUNTING
https://muftiwp.gov.my/ms/artikel/bayan-li-al-haj/674-bayan-li-al-haj-siri-ke-33-syarat-syarat-nafar-awwal	BAYAN LI AL-HAJ SIRI KE- 33 : SYARAT-SYARAT NAFAR AWWAL
https://muftiwp.gov.my/ms/artikel/bayan-li-al-haj/682-bayan-li-al-haj-siri-ke-32-keistimewaan-dan-fadhilat-10-awal-zulhijjah-marilah-kita-beramal	BAYAN LI AL-HAJ SIRI KE-32 : KEISTIMEWAAN DAN FADHILAT 10 AWAL ZULHIJJAH : MARILAH KITA BERAMAL
https://muftiwp.gov.my/ms/artikel/bayan-li-al-haj/688-bayan-li-al-haj-siri-ke-31-hukum-haji-seorang-wanita-secara-bersendirian	BAYAN LI AL-HAJ SIRI KE-31 : HUKUM HAJI SEORANG WANITA SECARA BERSENDIRIAN
https://muftiwp.gov.my/ms/artikel/bayan-li-al-haj/689-bayan-li-al-haj-siri-ke-30-pengertian-tahallul	BAYAN LI AL-HAJ SIRI KE-30  : PENGERTIAN TAHALLUL
https://muftiwp.gov.my/ms/artikel/bayan-li-al-haj/690-bayan-li-al-haj-siri-ke-29-masa-untuk-melontar-jamratul-kubra-dan-amalan-sunat-ketika-melontar	BAYAN LI AL-HAJ SIRI KE- 29   : MASA UNTUK MELONTAR JAMRATUL KUBRA DAN AMALAN SUNAT KETIKA MELONTAR
https://muftiwp.gov.my/ms/artikel/bayan-li-al-haj/691-bayan-li-al-haj-siri-ke-28-pengertian-hari-nahar	BAYAN LI AL-HAJ SIRI KE- 28 : PENGERTIAN HARI NAHAR
https://muftiwp.gov.my/ms/artikel/bayan-li-al-haj/692-bayan-li-al-haj-siri-ke-27-amalan-amalan-yang-dianjurkan-pada-10-zulhijjah	BAYAN LI AL-HAJ SIRI KE- 27 : AMALAN-AMALAN YANG DIANJURKAN PADA 10 ZULHIJJAH
https://muftiwp.gov.my/ms/artikel/bayan-li-al-haj/695-bayan-li-al-haj-siri-ke-26-hukum-idhthiba-dan-definisinya	BAYAN LI AL-HAJ SIRI KE- 26 : HUKUM IDHTHIBA’ DAN DEFINISINYA
https://muftiwp.gov.my/ms/artikel/bayan-li-al-haj/700-bayan-li-al-haj-siri-25-pengertian-talbiah-dan-waktunya	BAYAN LI AL-HAJ SIRI 25 : PENGERTIAN TALBIAH DAN WAKTUNYA
https://muftiwp.gov.my/ms/artikel/bayan-li-al-haj/701-bayan-al-haj-siri-24-cara-cara-melaksanakan-haji	BAYAN AL-HAJ #SIRI 24: CARA-CARA MELAKSANAKAN HAJI
https://muftiwp.gov.my/ms/artikel/bayan-li-al-haj/702-bayan-al-haj-siri-23-waktu-sesuai-melaksanakan-dam-tamattu	BAYAN AL-HAJ #SIRI 23: WAKTU SESUAI MELAKSANAKAN DAM TAMATTU’
https://muftiwp.gov.my/ms/artikel/bayan-li-al-haj/703-bayan-li-al-haj-siri-22-tahallul-dengan-mencabut-rambut-tanpa-menggunakan-gunting-atau-pencukur	BAYAN LI AL-HAJ #SIRI 22: TAHALLUL DENGAN MENCABUT RAMBUT TANPA MENGGUNAKAN GUNTING ATAU PENCUKUR
https://muftiwp.gov.my/ms/artikel/bayan-li-al-haj/704-bayan-li-al-haj-siri-21-melaksanakan-umrah-sebelum-tahallul-thani-kedua	BAYAN LI AL-HAJ #SIRI 21: MELAKSANAKAN UMRAH SEBELUM TAHALLUL THANI (KEDUA)
https://muftiwp.gov.my/ms/artikel/bayan-li-al-haj/705-bayan-li-al-haj-siri-20-bertahallul-dalam-keadaan-ragu-ragu-bilangan-tawaf	BAYAN LI AL-HAJ #SIRI 20: BERTAHALLUL DALAM KEADAAN RAGU-RAGU BILANGAN TAWAF
https://muftiwp.gov.my/ms/artikel/bayan-li-al-haj/706-bayan-li-al-haj-siri-19-melakukan-umrah-lebih-daripada-sekali	BAYAN LI AL-HAJ #SIRI 19: MELAKUKAN UMRAH LEBIH DARIPADA SEKALI
https://muftiwp.gov.my/ms/artikel/bayan-li-al-haj/708-bayan-al-hajj-18-haji-tamattu-dan-syarat-dam	BAYAN AL-HAJ #18: HAJI TAMATTU’ DAN SYARAT DAM
https://muftiwp.gov.my/ms/artikel/bayan-li-al-haj/709-bayan-li-al-haj-siri-17-mencukur-atau-menggunting-rambut-orang-lain	BAYAN LI AL-HAJ #SIRI 17: MENCUKUR ATAU MENGGUNTING RAMBUT ORANG LAIN
https://muftiwp.gov.my/ms/artikel/bayan-li-al-haj/710-bayan-li-al-haj-siri-16-menunaikan-haji-menggunakan-wang-pampasan-takaful	BAYAN LI AL-HAJ #SIRI 16: MENUNAIKAN HAJI MENGGUNAKAN WANG PAMPASAN TAKAFUL
https://muftiwp.gov.my/ms/artikel/bayan-li-al-haj/711-bayan-li-al-haj-siri-15-hukum-menunaikan-haji-dengan-wang-haram	BAYAN LI AL-HAJ #SIRI 15: HUKUM MENUNAIKAN HAJI DENGAN WANG HARAM
https://muftiwp.gov.my/ms/artikel/bayan-li-al-haj/712-bayan-li-al-haj-siri-14-perkahwinan-atau-ibadah-haji	BAYAN LI AL-HAJ #SIRI 14: PERKAHWINAN ATAU IBADAH HAJI?
https://muftiwp.gov.my/ms/artikel/bayan-li-al-haj/713-bayan-li-al-haj-siri-13-aset-tetap-melebihi-keperluan-berbanding-aliran-wang-tunai	BAYAN LI AL-HAJ #SIRI 13: ASET TETAP MELEBIHI KEPERLUAN BERBANDING ALIRAN WANG TUNAI
https://muftiwp.gov.my/ms/artikel/bayan-li-al-haj/714-bayan-li-al-haj-siri-12-pemiutang-menghalang-penghutang-daripada-melaksanakan-haji	BAYAN LI AL-HAJ #SIRI 12: PEMIUTANG MENGHALANG PENGHUTANG DARIPADA MELAKSANAKAN HAJI
https://muftiwp.gov.my/ms/artikel/bayan-li-al-haj/715-bayan-li-al-haj-siri-11-hukum-berhutang-untuk-menunaikan-ibadah-haji	BAYAN LI AL-HAJ #SIRI 11: HUKUM BERHUTANG UNTUK MENUNAIKAN IBADAH HAJI
https://muftiwp.gov.my/ms/artikel/bayan-li-al-haj/716-bayan-li-al-haj-siri-10-hukum-melaksanakan-haji-menggunakan-bantuan-perbelanjaan-daripada-anak-anak	BAYAN LI AL-HAJ #SIRI 10: HUKUM MELAKSANAKAN HAJI MENGGUNAKAN BANTUAN PERBELANJAAN DARIPADA ANAK-ANAK
https://muftiwp.gov.my/ms/artikel/bayan-li-al-haj/717-bayan-li-al-haj-siri-9-hukum-haji-bagi-orang-buta	BAYAN LI AL-HAJ #SIRI 9: HUKUM HAJI BAGI ORANG BUTA
https://muftiwp.gov.my/ms/artikel/bayan-li-al-haj/718-bayan-li-al-haj-siri-4-syarat-mengerjakan-haji-dan-umrah	BAYAN LI AL-HAJ SIRI 4 : SYARAT MENGERJAKAN HAJI DAN UMRAH
https://muftiwp.gov.my/ms/artikel/bayan-li-al-haj/719-bayan-li-al-haj-siri-2-hukum-mengerjakan-haji-dan-umrah	BAYAN LI AL-HAJ SIRI 3 : HUKUM MENGERJAKAN HAJI DAN UMRAH
https://muftiwp.gov.my/ms/artikel/bayan-li-al-haj/720-bayan-li-al-haj-siri-8-maksud-berkemampuan-dalam-ibadah-haji-dan-umrah	BAYAN LI AL-HAJ #SIRI 8 : MAKSUD BERKEMAMPUAN DALAM IBADAH HAJI DAN UMRAH
https://muftiwp.gov.my/ms/artikel/bayan-li-al-haj/721-bayan-li-al-haj-siri-7-haji-kanak-kanak	BAYAN LI AL-HAJ #SIRI 7: HAJI KANAK-KANAK
https://muftiwp.gov.my/ms/artikel/bayan-li-al-haj/722-bayan-li-al-haj-siri-6-hukum-kanak-kanak-yang-belum-mumayyiz-mengumpul-anak-batu-untuk-dirinya-sendiri	BAYAN LI AL-HAJ #SIRI 6 : HUKUM KANAK-KANAK YANG BELUM MUMAYYIZ MENGUMPUL ANAK BATU UNTUK DIRINYA SENDIRI
https://muftiwp.gov.my/ms/artikel/bayan-li-al-haj/723-bayan-li-al-haj-siri-5-hukum-kanak-kanak-mengerjakan-haji	BAYAN LI AL-HAJ  #SIRI 5 : HUKUM KANAK-KANAK MENGERJAKAN HAJI
https://muftiwp.gov.my/ms/artikel/bayan-li-al-haj/724-bayan-li-al-haj-siri-2-pengertian-haji-dan-umrah-serta-perbezaannya	BAYAN LI AL-HAJ SIRI 2 : PENGERTIAN HAJI DAN UMRAH SERTA PERBEZAANNYA
https://muftiwp.gov.my/ms/artikel/bayan-li-al-haj/733-bayan-li-al-haj-siri-1-kelebihan-solat-berjemaah-40-waktu-di-masjid-nabawi	BAYAN LI AL-HAJ SIRI 1: KELEBIHAN SOLAT BERJEMAAH 40 WAKTU DI MASJID NABAWI
https://muftiwp.gov.my/ms/artikel/irsyad-hukum/edisi-haji-korban/1060-irsyad-al-fatwa-haji-dan-korban-siri-1-hukum-kanak-kanak-menunaikan-haji	IRSYAD HUKUM HAJI DAN KORBAN SIRI 1:  HUKUM KANAK-KANAK MENUNAIKAN HAJI
https://muftiwp.gov.my/ms/artikel/irsyad-hukum/edisi-haji-korban/1061-irsyad-al-fatwa-haji-dan-korban-siri-11-anjuran-untuk-tidak-memotong-kuku-dan-rambut-bagi-yang-ingin-melakukan-ibadah-korban-apabila-tibanya-1-zulhijjah	IRSYAD HUKUM HAJI DAN KORBAN SIRI 12: ANJURAN UNTUK TIDAK MEMOTONG KUKU DAN RAMBUT BAGI YANG INGIN MELAKUKAN IBADAH KORBAN APABILA TIBANYA 1 ZULHIJJAH
https://muftiwp.gov.my/ms/artikel/irsyad-hukum/edisi-haji-korban/1062-irsyad-al-fatwa-haji-dan-korban-siri-14-hukum-mewakilkan-binatang-korban-untuk-disembelih	IRSYAD HUKUM HAJI DAN KORBAN SIRI 14: HUKUM MEWAKILKAN BINATANG KORBAN UNTUK DISEMBELIH
https://muftiwp.gov.my/ms/artikel/irsyad-hukum/edisi-haji-korban/1063-irsyad-al-fatwa-haji-dan-korban-siri-17-perbezaan-penentuan-hari-arafah-dan-juga-puasa-pada-hari-tersebut	IRSYAD HUKUM HAJI DAN KORBAN SIRI 17: PERBEZAAN PENENTUAN HARI ARAFAH DAN JUGA PUASA PADA HARI TERSEBUT
https://muftiwp.gov.my/ms/artikel/irsyad-hukum/edisi-haji-korban/1064-irsyad-al-fatwa-haji-dan-korban-siri-16-hukum-memberikan-daging-korban-sebagai-upah-penyembelih	IRSYAD HUKUM HAJI DAN KORBAN SIRI 16: HUKUM MEMBERIKAN DAGING KORBAN SEBAGAI UPAH PENYEMBELIH
https://muftiwp.gov.my/ms/artikel/irsyad-hukum/edisi-haji-korban/1065-irsyad-al-fatwa-haji-dan-korban-siri-15-waktu-terbaik-melakukan-korban	IRSYAD HUKUM HAJI DAN KORBAN SIRI 15: WAKTU TERBAIK MELAKUKAN KORBAN
https://muftiwp.gov.my/ms/artikel/irsyad-hukum/edisi-haji-korban/1066-irsyad-al-fatwa-haji-dan-korban-siri-10-lembu-korban-hasil-sumbangan-dari-bukan-islam	IRSYAD HUKUM HAJI DAN KORBAN SIRI 10: LEMBU KORBAN HASIL SUMBANGAN DARI BUKAN ISLAM
https://muftiwp.gov.my/ms/artikel/irsyad-hukum/edisi-haji-korban/1067-irsyad-al-fatwa-haji-dan-korban-siri-9-hukum-menyaksikan-sembelihan-bagi-orang-yang-menunaikan-ibadah-korban	IRSYAD HUKUM HAJI DAN KORBAN SIRI 9: HUKUM MENYAKSIKAN SEMBELIHAN BAGI ORANG YANG MENUNAIKAN IBADAH KORBAN
https://muftiwp.gov.my/ms/artikel/irsyad-hukum/edisi-haji-korban/1068-irsyad-al-fatwa-haji-dan-korban-siri-7-hukum-menyimpan-daging-korban-lebih-dari-3-hari	IRSYAD HUKUM HAJI DAN KORBAN SIRI 7: HUKUM MENYIMPAN DAGING KORBAN LEBIH DARI 3 HARI
https://muftiwp.gov.my/ms/artikel/irsyad-hukum/edisi-haji-korban/1069-irsyad-al-fatwa-haji-korban-siri-6-hukum-melakukan-korban-buat-si-mati	IRSYAD HUKUM HAJI &amp; KORBAN SIRI 6: HUKUM MELAKUKAN KORBAN BUAT SI MATI
https://muftiwp.gov.my/ms/artikel/irsyad-hukum/edisi-haji-korban/1070-irsyad-al-fatwa-haji-dan-korban-siri-5-hukum-berkongsi-korban-dan-aqiqah-pada-sembelihan-lembu-unta-yang-sama	IRSYAD HUKUM HAJI DAN KORBAN SIRI 5: HUKUM BERKONGSI KORBAN DAN AQIQAH PADA SEMBELIHAN LEMBU/UNTA YANG SAMA
https://muftiwp.gov.my/ms/artikel/irsyad-hukum/edisi-haji-korban/1071-irsyad-al-fatwa-khas-haji-korban-siri-4-hukum-memberi-makan-daging-korban-kepada-non-muslim	IRSYAD HUKUM KHAS HAJI &amp; KORBAN SIRI 4: HUKUM MEMBERI MAKAN DAGING KORBAN KEPADA NON-MUSLIM
https://muftiwp.gov.my/ms/artikel/irsyad-hukum/edisi-haji-korban/1072-irsyad-al-fatwa-haji-dan-korban-siri-3-hukum-menunaikan-haji-dengan-wang-haram	IRSYAD AL FATWA HAJI DAN KORBAN SIRI 3:  HUKUM MENUNAIKAN HAJI DENGAN WANG HARAM
https://muftiwp.gov.my/ms/artikel/irsyad-hukum/edisi-haji-korban/1073-irsyad-al-fatwa-haji-dan-korban-siri-2-hukum-baitulmal-taja-haiwan-untuk-korban	IRSYAD HUKUM HAJI DAN KORBAN SIRI 2:  HUKUM BAITULMAL TAJA HAIWAN UNTUK KORBAN
https://muftiwp.gov.my/ms/artikel/irsyad-hukum/edisi-haji-korban/1074-irsyad-al-fatwa-haji-dan-korban-siri-18-beri-makan-daging-korban-kepada-haiwan	IRSYAD HUKUM HAJI DAN KORBAN SIRI 18 : BERI MAKAN DAGING KORBAN KEPADA HAIWAN
https://muftiwp.gov.my/ms/artikel/irsyad-hukum/edisi-haji-korban/1075-irsyad-al-fatwa-haji-dan-korban-siri-19-hukum-penajaan-korban-oleh-masjid	IRSYAD HUKUM HAJI DAN KORBAN SIRI 19 : HUKUM PENAJAAN KORBAN OLEH MASJID
https://muftiwp.gov.my/ms/artikel/irsyad-hukum/edisi-haji-korban/2570-irsyad-al-fatwa-siri-ke-20-kaifiat-dan-waktu-takbir-hari-raya-aidiladha	IRSYAD HUKUM HAJI DAN KORBAN  SIRI KE- 20 : KAIFIAT DAN WAKTU TAKBIR HARI RAYA AIDILADHA
https://muftiwp.gov.my/ms/artikel/irsyad-hukum/edisi-haji-korban/3581-irsyad-al-fatwa-haji-dan-korban-siri-ke-21-bolehkan-melakukan-ibadah-haji-tanpa-kelulusan-daripada-majikan	IRSYAD HUKUM HAJI DAN KORBAN SIRI KE- 21:BOLEHKAN MELAKUKAN IBADAH HAJI TANPA KELULUSAN DARIPADA MAJIKAN
https://muftiwp.gov.my/ms/artikel/irsyad-hukum/edisi-haji-korban/3586-irsyad-al-fatwa-haji-dan-korban-siri-ke-22-bolehkah-melakukan-ibadah-korban-ke-atas-ibu-yang-sedang-koma	IRSYAD HUKUM HAJI DAN KORBAN SIRI KE-22: BOLEHKAH MELAKUKAN IBADAH KORBAN KE ATAS IBU YANG SEDANG KOMA
https://muftiwp.gov.my/ms/artikel/irsyad-hukum/edisi-haji-korban/3623-irsyad-al-fatwa-haji-dan-korban-siri-ke-23-pembahagian-yang-afdhal-bagi-daging-korban	IRSYAD HUKUM HAJI DAN KORBAN SIRI KE-23 : PEMBAHAGIAN YANG AFDHAL BAGI DAGING KORBAN
https://muftiwp.gov.my/ms/artikel/irsyad-hukum/edisi-haji-korban/3626-irsyad-al-fatwa-haji-dan-korban-siri-ke-24-adakah-boleh-mengerjakan-haji-nazar-bersama-haji-badal	IRSYAD HUKUM HAJI DAN KORBAN SIRI KE-24: ADAKAH BOLEH MENGERJAKAN HAJI NAZAR BERSAMA HAJI BADAL
https://muftiwp.gov.my/ms/artikel/irsyad-hukum/edisi-haji-korban/3628-irsyad-al-fatwa-haji-dan-korban-siri-ke-25-adakah-dibolehkan-penggunaan-kain-ihram-yang-dibasuh-menggunakan-pelembut-kain	IRSYAD HUKUM HAJI DAN KORBAN SIRI KE-25: ADAKAH DIBOLEHKAN PENGGUNAAN KAIN IHRAM YANG DIBASUH MENGGUNAKAN PELEMBUT KAIN
https://muftiwp.gov.my/ms/artikel/irsyad-hukum/edisi-haji-korban/3656-irsyad-al-fatwa-haji-dan-korban-26-hukum-memberi-sedekah-daging-korban-yang-dimasak	IRSYAD HUKUM HAJI DAN KORBAN #26: HUKUM MEMBERI SEDEKAH DAGING KORBAN YANG DIMASAK
https://muftiwp.gov.my/ms/artikel/irsyad-hukum/edisi-haji-korban/3671-irsyad-al-fatwa-haji-dan-korban-siri-ke-27-hukum-makan-daging-korban-bagi-nazar-yang-tidak-tercapai-hajatnya	IRSYAD HUKUM HAJI DAN KORBAN SIRI KE-27: HUKUM MAKAN DAGING KORBAN BAGI NAZAR YANG TIDAK TERCAPAI HAJATNYA
https://muftiwp.gov.my/ms/artikel/irsyad-hukum/edisi-haji-korban/3791-irsyad-al-fatwa-haji-dan-korban-siri-ke-28-hukum-waswas-pada-bilangan-tawaf-ifadhah	IRSYAD HUKUM HAJI DAN KORBAN SIRI KE-28 : HUKUM WASWAS  PADA BILANGAN TAWAF IFADHAH
https://muftiwp.gov.my/ms/artikel/irsyad-hukum/edisi-haji-korban/3896-irsyad-al-fatwa-haji-dan-korban-siri-ke-29-hukum-menggunakan-pin-baju-pada-kain-ihram-sewaktu-mengerjakan-umrah	IRSYAD HUKUM HAJI DAN KORBAN SIRI KE-29 : HUKUM MENGGUNAKAN PIN BAJU PADA KAIN IHRAM SEWAKTU MENGERJAKAN UMRAH
https://muftiwp.gov.my/ms/artikel/irsyad-hukum/edisi-haji-korban/3948-irsyad-al-fatwa-haji-dan-korban-siri-ke-30-adakah-perlu-berundur-dua-tiga-langkah-selepas-berhenti-minum-air-zamzam-semasa-sa-ie	IRSYAD HUKUM HAJI DAN KORBAN SIRI KE-30 : ADAKAH PERLU BERUNDUR DUA TIGA LANGKAH SELEPAS BERHENTI MINUM AIR ZAMZAM SEMASA SA‘IE?
https://muftiwp.gov.my/ms/artikel/irsyad-hukum/edisi-haji-korban/4060-irsyad-al-fatwa-haji-dan-korban-siri-ke-31-memakai-pampers-ketika-sedang-berihram-bagi-mengerjakan-ibadah-umrah	IRSYAD HUKUM HAJI DAN KORBAN SIRI KE-31 : MEMAKAI PAMPERS KETIKA SEDANG BERIHRAM BAGI MENGERJAKAN IBADAH UMRAH
https://muftiwp.gov.my/ms/artikel/irsyad-hukum/edisi-haji-korban/4194-irsyad-al-fatwa-haji-dan-korban-siri-ke-32-niat-bersyarat-ketika-mengerjakan-ibadah-umrah	IRSYAD HUKUM HAJI DAN KORBAN SIRI KE-32 : NIAT BERSYARAT KETIKA MENGERJAKAN IBADAH UMRAH
https://muftiwp.gov.my/ms/artikel/irsyad-hukum/edisi-haji-korban/4196-irsyad-al-fatwa-haji-dan-korban-siri-ke-33-memakai-deodoran-kerana-tidak-tahu-perlu-menjaga-pantang-larang-selepas-niat-bersyarat	IRSYAD HUKUM HAJI DAN KORBAN SIRI KE-33 : MEMAKAI DEODORAN KERANA TIDAK TAHU PERLU MENJAGA PANTANG LARANG SELEPAS NIAT BERSYARAT
https://muftiwp.gov.my/ms/artikel/irsyad-hukum/edisi-haji-korban/4207-irsyad-al-fatwa-haji-dan-korban-siri-ke-34-bagaimana-niat-umrah-nazar-serta-yang-manakah-patut-didahulukan-antara-umrah-wajib-dan-umrah-nazar	IRSYAD HUKUM HAJI DAN KORBAN SIRI KE-34 : BAGAIMANA NIAT UMRAH NAZAR SERTA YANG MANAKAH PATUT DIDAHULUKAN ANTARA UMRAH WAJIB DAN UMRAH NAZAR?
https://muftiwp.gov.my/ms/artikel/irsyad-hukum/edisi-haji-korban/4216-irsyad-al-fatwa-haji-dan-korban-siri-ke-35-adakah-miqat-umrah-bagi-penduduk-mekah-hanya-di-tanah-halal-tan-im-atau-boleh-di-mana-mana-tanah-halal-selainnya	IRSYAD HUKUM HAJI DAN KORBAN SIRI KE-35 : ADAKAH MIQAT UMRAH BAGI PENDUDUK MEKAH HANYA DI TANAH HALAL TAN’IM ATAU BOLEH DI MANA-MANA TANAH HALAL SELAINNYA?
https://muftiwp.gov.my/ms/artikel/irsyad-hukum/edisi-haji-korban/4222-irsyad-al-fatwa-haji-dan-korban-siri-ke-36-hukum-jika-wanita-datang-haid-ketika-melaksanakan-ibadah-haji-pada-hari-arafah	IRSYAD HUKUM HAJI DAN KORBAN SIRI KE-36: HUKUM JIKA WANITA DATANG HAID KETIKA MELAKSANAKAN IBADAH HAJI PADA HARI ‘ARAFAH
https://muftiwp.gov.my/ms/artikel/irsyad-hukum/edisi-haji-korban/4266-irsyad-al-fatwa-haji-dan-korban-siri-ke-37-menghidu-bau-wangi-di-tempat-saie-ketika-masih-dalam-ihram	IRSYAD HUKUM HAJI DAN KORBAN SIRI KE-37 : MENGHIDU BAU WANGI DI TEMPAT SAIE KETIKA MASIH DALAM IHRAM
https://muftiwp.gov.my/ms/artikel/irsyad-hukum/edisi-haji-korban/4304-irsyad-al-fatwa-haji-dan-korban-siri-ke-38-adakah-dikenakan-dam-sekiranya-syak-rambut-gugur	IRSYAD HUKUM HAJI DAN KORBAN SIRI KE-38: ADAKAH DIKENAKAN DAM SEKIRANYA SYAK RAMBUT GUGUR
https://muftiwp.gov.my/ms/artikel/irsyad-hukum/edisi-haji-korban/4619-irsyad-al-fatwa-haji-dan-korban-siri-ke-39-adakah-terangkat-tuntutan-sunat-kifayah-untuk-keluarga-sekiranya-isteri-yang-melakukan-korban	IRSYAD HUKUM HAJI DAN KORBAN SIRI KE-39:  ADAKAH TERANGKAT TUNTUTAN SUNAT KIFAYAH UNTUK KELUARGA SEKIRANYA ISTERI YANG MELAKUKAN KORBAN
https://muftiwp.gov.my/ms/artikel/irsyad-hukum/edisi-haji-korban/4620-irsyad-al-fatwa-haji-dan-korban-siri-ke-40-hukum-menggabungkan-niat-korban-dan-akikah-untuk-satu-sembelihan	IRSYAD HUKUM HAJI DAN KORBAN SIRI KE-40: HUKUM MENGGABUNGKAN NIAT KORBAN DAN AKIKAH UNTUK SATU SEMBELIHAN
https://muftiwp.gov.my/ms/artikel/irsyad-hukum/edisi-haji-korban/4868-irsyad-al-fatwa-haji-dan-korban-siri-ke-41-hukum-menjual-daging-korban	IRSYAD HUKUM HAJI DAN KORBAN SIRI KE-41: HUKUM MENJUAL DAGING KORBAN
https://muftiwp.gov.my/ms/artikel/irsyad-hukum/edisi-haji-korban/4869-irsyad-al-fatwa-haji-dan-korban-siri-ke-42-qadha-puasa-hari-arafah-kerana-datang-haid	IRSYAD HUKUM HAJI DAN KORBAN SIRI KE-42: QADHA PUASA HARI ARAFAH KERANA DATANG HAID
https://muftiwp.gov.my/ms/artikel/irsyad-hukum/edisi-haji-korban/4871-irsyad-al-fatwa-haji-dan-korban-siri-ke-42-adakah-sah-kanak-kanak-menyembelihh-haiwan-korban	IRSYAD HUKUM HAJI DAN KORBAN SIRI KE-43: ADAKAH SAH KANAK-KANAK MENYEMBELIHH HAIWAN KORBAN
https://muftiwp.gov.my/ms/artikel/irsyad-hukum/edisi-haji-korban/4872-irsyad-fatwa-haji-dan-korban-siri-ke-44-adakah-sah-haiwan-sembelihan-korban-yang-buta	IRSYAD FATWA HAJI DAN KORBAN SIRI  KE- 44  :  ADAKAH SAH HAIWAN SEMBELIHAN KORBAN YANG  BUTA?
https://muftiwp.gov.my/ms/artikel/irsyad-hukum/edisi-haji-korban/4874-irsyad-fatwa-haji-dan-korban-siri-ke-45-adakah-dikira-sebagai-korban-sekiranya-hanya-bersedekah-nilainya-sahaja-tanpa-ada-sembelihan	IRSYAD FATWA HAJI DAN KORBAN SIRI KE- 45: ADAKAH DIKIRA SEBAGAI KORBAN SEKIRANYA HANYA BERSEDEKAH NILAINYA SAHAJA TANPA ADA SEMBELIHAN?
https://muftiwp.gov.my/ms/artikel/irsyad-hukum/edisi-haji-korban/4875-irsyad-fatwa-haji-dan-korban-siri-ke-46-hukum-upah-korban-dalam-bentuk-duit	IRSYAD FATWA HAJI DAN KORBAN SIRI KE- 46: HUKUM UPAH KORBAN DALAM BENTUK DUIT
https://muftiwp.gov.my/ms/artikel/irsyad-hukum/edisi-haji-korban/4876-irsyad-fatwa-haji-dan-korban-siri-ke-47-hukum-menyembelih-haiwan-hamil-untuk-dijadikan-korban	IRSYAD FATWA HAJI DAN KORBAN SIRI KE-47 : HUKUM MENYEMBELIH HAIWAN HAMIL UNTUK DIJADIKAN KORBAN
https://muftiwp.gov.my/ms/artikel/irsyad-hukum/edisi-haji-korban/4877-irsyad-fatwa-haji-dan-korban-siri-ke-48-hukum-memanggil-panggilan-haji-atau-hajah-kepada-seseorang-yang-belum-menunaikan-haji	IRSYAD FATWA HAJI DAN KORBAN SIRI KE-48 : HUKUM MEMANGGIL PANGGILAN ‘HAJI’ ATAU ‘HAJAH’ KEPADA SESEORANG YANG BELUM MENUNAIKAN HAJI
https://muftiwp.gov.my/ms/artikel/irsyad-hukum/edisi-haji-korban/4878-irsyad-fatwa-haji-dan-korban-siri-ke-49-hukum-orang-tidak-berkemampuan-ingin-melaksanakan-korban	IRSYAD FATWA HAJI DAN KORBAN SIRI KE-49 : HUKUM ORANG TIDAK BERKEMAMPUAN INGIN MELAKSANAKAN KORBAN
https://muftiwp.gov.my/ms/artikel/irsyad-hukum/edisi-haji-korban/4879-irsyad-fatwa-haji-dan-korban-siri-ke-50-adakah-boleh-mengerjakan-badal-haji-melebihi-seorang-di-dalam-satu-haji	IRSYAD FATWA HAJI DAN KORBAN SIRI KE-50: ADAKAH BOLEH MENGERJAKAN BADAL HAJI MELEBIHI SEORANG DI DALAM SATU HAJI?
https://muftiwp.gov.my/ms/artikel/irsyad-hukum/edisi-haji-korban/4880-irsyad-al-fatwa-haji-dan-korban-siri-ke-51-mana-lebih-utama-melakukan-korban-atau-bersedekah-kepada-fakir-miskin-di-musim-pandemik-covid-19	IRSYAD HUKUM HAJI DAN KORBAN SIRI KE-51: MANA LEBIH UTAMA: MELAKUKAN KORBAN ATAU BERSEDEKAH KEPADA FAKIR MISKIN DI MUSIM PANDEMIK COVID-19
https://muftiwp.gov.my/ms/artikel/irsyad-hukum/edisi-haji-korban/4881-irsyad-al-fatwa-haji-dan-korban-siri-ke-52-mana-lebih-utama-korban-seekor-kambing-atau-satu-bahagian-lembu	IRSYAD HUKUM HAJI DAN KORBAN SIRI KE-52: MANA LEBIH UTAMA KORBAN SEEKOR KAMBING ATAU SATU BAHAGIAN LEMBU
https://muftiwp.gov.my/ms/artikel/irsyad-hukum/edisi-haji-korban/4882-irsyad-fatwa-haji-dan-korban-siri-ke-53-bolehkah-menjual-kulit-korban-yang-disedekahkan-untuk-sumbangan-kepada-golongan-fakir	IRSYAD FATWA HAJI DAN KORBAN SIRI KE-53: BOLEHKAH MENJUAL KULIT KORBAN YANG DISEDEKAHKAN UNTUK SUMBANGAN KEPADA GOLONGAN FAKIR
https://muftiwp.gov.my/ms/artikel/irsyad-hukum/edisi-haji-korban/4883-irsyad-fatwa-haji-dan-korban-siri-ke-54-adakah-rusa-boleh-dijadikan-haiwan-sembelihan-untuk-ibadat-korban	IRSYAD FATWA HAJI DAN KORBAN SIRI KE-54: ADAKAH RUSA BOLEH DIJADIKAN HAIWAN SEMBELIHAN UNTUK IBADAT KORBAN?
https://muftiwp.gov.my/ms/artikel/irsyad-hukum/edisi-haji-korban/4884-irsyad-fatwa-haji-dan-korban-siri-ke-55-hukum-niat-awal-sebelum-hari-sembelihan-korban	IRSYAD FATWA HAJI DAN KORBAN SIRI KE-55 : HUKUM NIAT AWAL SEBELUM HARI SEMBELIHAN KORBAN
https://muftiwp.gov.my/ms/artikel/irsyad-hukum/edisi-haji-korban/5114-irsyad-al-fatwa-haji-dan-korban-siri-ke-56-hukum-wanita-memakai-emas-ketika-menunaikan-ibadah-haji-dan-umrah	IRSYAD HUKUM HAJI DAN KORBAN SIRI KE - 56:  HUKUM WANITA MEMAKAI PERHIASAN EMAS KETIKA MENUNAIKAN IBADAH HAJI DAN UMRAH
https://muftiwp.gov.my/ms/artikel/irsyad-hukum/edisi-haji-korban/5308-irsyad-al-fatwa-haji-dan-korban-siri-ke-57-adakah-larangan-memotong-rambut-bagi-orang-yang-melakukan-korban-meliputi-segala-jenis-bulu-pada-badan	IRSYAD HUKUM HAJI DAN KORBAN SIRI KE-57: ADAKAH LARANGAN MEMOTONG RAMBUT BAGI ORANG YANG MELAKUKAN KORBAN MELIPUTI SEGALA JENIS BULU PADA BADAN
https://muftiwp.gov.my/ms/artikel/irsyad-hukum/edisi-haji-korban/5321-irsyad-fatwa-khas-haji-dan-korban-siri-ke-58-bolehkah-wanita-haid-melaksanakan-sa-ie	IRSYAD FATWA KHAS HAJI DAN KORBAN SIRI KE - 58: BOLEHKAH WANITA HAID MELAKSANAKAN SA’IE?
https://muftiwp.gov.my/ms/artikel/irsyad-hukum/edisi-haji-korban/5325-irsyad-al-fatwa-haji-dan-korban-siri-ke-59-adakah-boleh-berpuasa-pada-hari-arafah-jika-tidak-berpuasa-bermula-dari-1-zulhijah	IRSYAD HUKUM HAJI DAN KORBAN SIRI KE-59: ADAKAH BOLEH BERPUASA PADA HARI ARAFAH JIKA TIDAK BERPUASA BERMULA DARI 1 ZULHIJAH
https://muftiwp.gov.my/ms/artikel/irsyad-hukum/edisi-haji-korban/5328-irsyad-al-fatwa-haji-dan-korban-siri-ke-60-hukum-puasa-hari-arafah-bagi-orang-yang-sedang-menunaikan-haji	IRSYAD HUKUM HAJI DAN KORBAN SIRI KE-60: HUKUM PUASA HARI ARAFAH BAGI ORANG YANG SEDANG MENUNAIKAN HAJI
https://muftiwp.gov.my/ms/artikel/irsyad-hukum/edisi-haji-korban/5329-irsyad-al-fatwa-haji-dan-korban-siri-ke-61-polemik-masyarakat-terhadap-penentuan-hari-wukuf-di-arafah	IRSYAD HUKUM HAJI DAN KORBAN SIRI KE-61: POLEMIK MASYARAKAT TERHADAP PENENTUAN HARI WUKUF DI ARAFAH
https://muftiwp.gov.my/ms/artikel/irsyad-hukum/edisi-haji-korban/5330-irsyad-al-fatwa-haji-dan-korban-siri-ke-62-hukum-menunaikan-badal-umrah-untuk-rakan-yang-tidak-ada-kemampuan	IRSYAD HUKUM HAJI DAN KORBAN SIRI KE-62: HUKUM MENUNAIKAN BADAL UMRAH UNTUK RAKAN YANG TIDAK ADA KEMAMPUAN
https://muftiwp.gov.my/ms/artikel/irsyad-hukum/edisi-haji-korban/5331-irsyad-fatwa-khas-haji-dan-korban-siri-ke-63-warna-haiwan-korban-yang-utama	IRSYAD FATWA KHAS HAJI DAN KORBAN SIRI KE - 63 : WARNA HAIWAN KORBAN YANG UTAMA
https://muftiwp.gov.my/ms/artikel/irsyad-hukum/edisi-haji-korban/5332-irsyad-al-fatwa-khas-haji-dan-korban-siri-ke-64-adakah-sah-haiwan-korban-yang-terpatah-tanduk	IRSYAD HUKUM KHAS HAJI DAN KORBAN SIRI KE – 64 : ADAKAH SAH HAIWAN  KORBAN YANG TERPATAH TANDUK?
https://muftiwp.gov.my/ms/artikel/irsyad-hukum/edisi-haji-korban/5333-irsyad-al-fatwa-khas-haji-dan-korban-siri-ke-65-adakah-sah-haiwan-korban-yang-tertanggal-gigi	IRSYAD HUKUM KHAS HAJI DAN KORBAN SIRI KE – 65 : ADAKAH SAH HAIWAN  KORBAN YANG TERTANGGAL GIGI?
https://muftiwp.gov.my/ms/artikel/irsyad-hukum/edisi-haji-korban/5334-irsyad-al-fatwa-khas-haji-dan-korban-siri-ke-66-larangan-memotong-kuku-dan-bulu-bagi-mereka-yang-berkorban-di-luar-negara-yang-berbeza-tarikh-hari-raya-aidiladha	IRSYAD HUKUM KHAS HAJI DAN KORBAN SIRI KE – 66: LARANGAN MEMOTONG KUKU DAN BULU BAGI MEREKA YANG BERKORBAN DI LUAR NEGARA YANG BERBEZA TARIKH HARI RAYA AIDILADHA
https://muftiwp.gov.my/ms/artikel/irsyad-hukum/edisi-haji-korban/5335-irsyad-al-fatwa-khas-haji-dan-korban-siri-ke-67-adakah-sah-haiwan-sembelihan-korban-yang-ditebuk-telinganya	IRSYAD HUKUM KHAS HAJI DAN KORBAN SIRI KE - 67 : ADAKAH SAH HAIWAN SEMBELIHAN KORBAN YANG DITEBUK TELINGANYA?
https://muftiwp.gov.my/ms/artikel/irsyad-hukum/edisi-haji-korban/5336-irsyad-al-fatwa-khas-haji-dan-korban-siri-ke-68-hukum-memakai-pelitup-muka-ketika-dalam-ihram	IRSYAD HUKUM KHAS HAJI DAN KORBAN SIRI KE-68:HUKUM MEMAKAI PELITUP MUKA KETIKA DALAM IHRAM
https://muftiwp.gov.my/ms/artikel/irsyad-hukum/edisi-haji-korban/5338-benarkah-kisah-bukit-safa-dan-marwah-berasal-daripada-sumpahan-naila-dan-isaf-yang-berzina	IRSYAD HUKUM KHAS HAJI DAN KORBAN SIRI KE-69: BENARKAH KISAH BUKIT SAFA DAN MARWAH BERASAL DARIPADA SUMPAHAN NAILA DAN ISAF YANG BERZINA
https://muftiwp.gov.my/ms/artikel/irsyad-hukum/edisi-haji-korban/5341-irsyad-al-fatwa-khas-haji-dan-korban-siri-ke-70-adakah-wajib-menyimpan-duit-untuk-mengerjakan-haji	IRSYAD HUKUM KHAS HAJI DAN KORBAN SIRI KE-70: ADAKAH WAJIB MENYIMPAN DUIT UNTUK MENGERJAKAN HAJI
https://muftiwp.gov.my/ms/artikel/irsyad-hukum/edisi-haji-korban/5351-irsyad-al-fatwa-khas-haji-dan-korban-siri-ke-71-adakah-haji-mabrur-menggugurkan-dosa-dosa-berkaitan-kewajipan-dan-hak-ke-atas-seseorang	IRSYAD HUKUM KHAS HAJI DAN KORBAN SIRI KE 71: ADAKAH HAJI MABRUR MENGGUGURKAN DOSA-DOSA BERKAITAN KEWAJIPAN DAN HAK KE ATAS SESEORANG?
https://muftiwp.gov.my/ms/artikel/irsyad-hukum/edisi-haji-korban/5661-irsyad-al-fatwa-siri-ke-781-adakah-orang-yang-bankrap-boleh-melaksanakan-haji	IRSYAD HUKUM KHAS HAJI DAN KORBAN SIRI KE 72: ADAKAH ORANG YANG BANKRAP BOLEH MELAKSANAKAN HAJI
https://muftiwp.gov.my/ms/artikel/irsyad-hukum/edisi-haji-korban/5663-irsyad-al-fatwa-khas-haji-dan-korban-siri-ke-72-hukum-mengerjakan-ibadah-korban-bagi-pihak-orang-lain-tanpa-keizinannya	IRSYAD HUKUM KHAS HAJI DAN KORBAN SIRI KE 73: HUKUM MENGERJAKAN IBADAH KORBAN BAGI PIHAK ORANG LAIN TANPA KEIZINANNYA
https://muftiwp.gov.my/ms/artikel/irsyad-hukum/edisi-haji-korban/5668-irsyad-al-fatwa-khas-haji-dan-korban-siri-ke-74-jantina-haiwan-korban-yang-utama	IRSYAD HUKUM KHAS HAJI DAN KORBAN SIRI KE 74: JANTINA HAIWAN KORBAN YANG UTAMA
https://muftiwp.gov.my/ms/artikel/irsyad-hukum/edisi-haji-korban/5670-irsyad-al-fatwa-khas-haji-dan-korban-siri-ke-75-hukum-ibu-bapa-melaksanakan-korban-untuk-anak-yang-belum-baligh	IRSYAD HUKUM KHAS HAJI DAN KORBAN SIRI KE 75: HUKUM IBU BAPA MELAKSANAKAN KORBAN UNTUK ANAK YANG BELUM BALIGH
https://muftiwp.gov.my/ms/artikel/irsyad-hukum/edisi-haji-korban/5672-irsyad-al-fatwa-khas-haji-dan-korban-siri-ke-76-bolehkah-disedekahkan-bahagian-korban-yang-tidak-mempunyai-penama	IRSYAD HUKUM KHAS HAJI DAN KORBAN SIRI KE 76: BOLEHKAH DISEDEKAHKAN BAHAGIAN KORBAN YANG TIDAK MEMPUNYAI PENAMA
https://muftiwp.gov.my/ms/artikel/irsyad-hukum/edisi-haji-korban/5674-irsyad-al-fatwa-khas-haji-dan-korban-siri-ke-77-hukum-berhutang-bagi-mengerjakan-ibadah-korban	IRSYAD HUKUM KHAS HAJI DAN KORBAN SIRI KE 77: HUKUM BERHUTANG BAGI MENGERJAKAN IBADAH KORBAN
https://muftiwp.gov.my/ms/artikel/irsyad-hukum/edisi-haji-korban/5675-irsyad-al-fatwa-khas-haji-dan-korban-siri-ke-78-adakah-memakai-hand-sanitizer-dianggap-memakai-wangian-bagi-orang-yang-sedang-berihram	IRSYAD HUKUM KHAS HAJI DAN KORBAN SIRI KE 78: ADAKAH MEMAKAI HAND SANITIZER DIANGGAP MEMAKAI WANGIAN BAGI ORANG YANG SEDANG BERIHRAM?
https://muftiwp.gov.my/ms/artikel/irsyad-hukum/edisi-haji-korban/5725-irsyad-al-fatwa-khas-haji-dan-korban-siri-ke-79-penjelasan-isu-memegang-kaabah-ketika-tawaf-bagi-amalan-umrah-yang-telah-lepas	IRSYAD HUKUM KHAS HAJI DAN KORBAN SIRI KE-79: PENJELASAN ISU MEMEGANG KAABAH KETIKA TAWAF BAGI AMALAN UMRAH YANG TELAH LEPAS
https://muftiwp.gov.my/ms/artikel/irsyad-hukum/edisi-haji-korban/5912-irsyad-hukum-khas-haji-dan-korban-siri-ke-80-hukum-dan-status-haji-dengan-menggunakan-visa-pelancong-arab-saudi-dengan-cara-overstay	IRSYAD HUKUM KHAS HAJI DAN KORBAN SIRI KE-80: HUKUM DAN STATUS HAJI DENGAN MENGGUNAKAN VISA PELANCONG ARAB SAUDI DENGAN CARA OVERSTAY
https://muftiwp.gov.my/ms/artikel/irsyad-hukum/edisi-haji-korban/5913-irsyad-hukum-khas-haji-dan-korban-siri-ke-81-adakah-sah-melontar-jamrah-tanpa-menggunakan-batu	IRSYAD HUKUM KHAS HAJI DAN KORBAN SIRI KE-81: ADAKAH SAH MELONTAR JAMRAH TANPA MENGGUNAKAN BATU
https://muftiwp.gov.my/ms/artikel/irsyad-hukum/edisi-haji-korban/5918-irsyad-hukum-khas-haji-dan-korban-siri-ke-82-hukum-mengorbankan-haiwan-yang-mempunyai-kecacatan-pada-testisnya	IRSYAD HUKUM KHAS HAJI DAN KORBAN SIRI KE-82: HUKUM MENGORBANKAN HAIWAN YANG MEMPUNYAI KECACATAN PADA TESTISNYA
https://muftiwp.gov.my/ms/artikel/irsyad-hukum/edisi-haji-korban/5922-irsyad-hukum-khas-haji-dan-korban-siri-ke-83-wanita-kematian-suami-semasa-melakukan-haji-adakah-wajib-pulang	IRSYAD HUKUM KHAS HAJI DAN KORBAN SIRI KE-83: WANITA KEMATIAN SUAMI SEMASA MELAKUKAN HAJI, ADAKAH WAJIB PULANG?
https://muftiwp.gov.my/ms/artikel/irsyad-hukum/edisi-haji-korban/5927-irsyad-hukum-khas-haji-dan-korban-siri-ke-84-hukum-memotong-giliran-tunai-haji	IRSYAD HUKUM KHAS HAJI DAN KORBAN SIRI KE-84: HUKUM MEMOTONG GILIRAN TUNAI HAJI
https://muftiwp.gov.my/ms/artikel/irsyad-hukum/edisi-haji-korban/5928-irsyad-hukum-khas-haji-dan-korban-siri-ke-85-status-larangan-memotong-kuku-dan-rambut-orang-yang-melakukan-korban-serta-hikmahnya	IRSYAD HUKUM KHAS HAJI DAN KORBAN SIRI KE-85: STATUS LARANGAN MEMOTONG KUKU DAN RAMBUT ORANG YANG MELAKUKAN KORBAN SERTA HIKMAHNYA
https://muftiwp.gov.my/ms/artikel/irsyad-hukum/edisi-haji-korban/5929-irsyad-hukum-khas-haji-dan-korban-siri-ke-86-mewakilkan-orang-lain-untuk-melontar-jamrah-bagi-yang-tidak-mampu	IRSYAD HUKUM KHAS HAJI DAN KORBAN SIRI KE-86: MEWAKILKAN ORANG LAIN UNTUK MELONTAR JAMRAH BAGI YANG TIDAK MAMPU
https://muftiwp.gov.my/ms/artikel/irsyad-hukum/edisi-haji-korban/5930-irsyad-hukum-khas-haji-dan-korban-siri-ke-87-hukum-cacat-cela-pada-haiwan-yang-telah-dinazar-untuk-korban	IRSYAD HUKUM KHAS HAJI DAN KORBAN SIRI KE-87: HUKUM CACAT CELA PADA HAIWAN YANG TELAH DINAZAR UNTUK KORBAN
https://muftiwp.gov.my/ms/artikel/irsyad-hukum/edisi-haji-korban/5931-irsyad-hukum-khas-haji-dan-korban-siri-ke-88-kewajipan-haji-bagi-pesakit-buah-pinggang-yang-menjalani-rawatan-hemodialisis	IRSYAD HUKUM KHAS HAJI DAN KORBAN SIRI KE-88: KEWAJIPAN HAJI BAGI PESAKIT BUAH PINGGANG YANG MENJALANI RAWATAN HEMODIALISIS
https://muftiwp.gov.my/ms/artikel/irsyad-hukum/edisi-haji-korban/5932-irsyad-hukum-khas-haji-dan-korban-siri-ke-89-hukum-memakai-niqab-ketika-melakukan-tawaf-sunat	IRSYAD HUKUM KHAS HAJI DAN KORBAN SIRI KE-89: HUKUM MEMAKAI NIQAB KETIKA MELAKUKAN TAWAF SUNAT
https://muftiwp.gov.my/ms/artikel/irsyad-hukum/edisi-haji-korban/5933-irsyad-hukum-khas-haji-dan-korban-siri-ke-90-adakah-perlu-bagi-jemaah-haji-mengerjakan-solat-sunat-aidiladha	IRSYAD HUKUM KHAS HAJI DAN KORBAN SIRI KE-90: ADAKAH PERLU BAGI JEMAAH HAJI MENGERJAKAN SOLAT SUNAT AIDILADHA?
https://muftiwp.gov.my/ms/artikel/irsyad-hukum/edisi-haji-korban/5934-hukum-menyembelih-binatang-korban-pada-waktu-malam	IRSYAD HUKUM KHAS HAJI DAN KORBAN SIRI KE-91: HUKUM MENYEMBELIH BINATANG KORBAN PADA WAKTU MALAM
https://muftiwp.gov.my/ms/artikel/irsyad-hukum/edisi-haji-korban/5935-irsyad-hukum-khas-haji-dan-korban-siri-ke-92-hukum-bacaan-lafaz-niat-ihram-ketika-kursus-haji-atau-umrah	IRSYAD HUKUM KHAS HAJI DAN KORBAN SIRI KE-92: HUKUM BACAAN LAFAZ NIAT IHRAM KETIKA KURSUS HAJI ATAU UMRAH
https://muftiwp.gov.my/ms/artikel/irsyad-hukum/edisi-haji-korban/5936-irsyad-hukum-khas-haji-dan-korban-siri-ke-92-hukum-menggunakan-daging-korban-untuk-majlis-kenduri	IRSYAD HUKUM KHAS HAJI DAN KORBAN SIRI KE-93: HUKUM MENGGUNAKAN DAGING KORBAN UNTUK MAJLIS KENDURI
https://muftiwp.gov.my/ms/artikel/irsyad-hukum/edisi-haji-korban/5937-irsyad-hukum-khas-haji-dan-korban-siri-ke-94-persoalan-tentang-puasa-pada-hari-hari-tasyriq	IRSYAD HUKUM KHAS HAJI DAN KORBAN SIRI KE-94: PERSOALAN TENTANG PUASA PADA HARI-HARI TASYRIQ
https://muftiwp.gov.my/ms/artikel/irsyad-hukum/edisi-haji-korban/5938-irsyad-hukum-khas-haji-dan-korban-siri-ke-95-hukum-menyembelih-haiwan-korban-yang-telah-mati	IRSYAD HUKUM KHAS HAJI DAN KORBAN SIRI KE-95: HUKUM MENYEMBELIH HAIWAN KORBAN YANG TELAH MATI
https://muftiwp.gov.my/ms/artikel/irsyad-hukum/edisi-haji-korban/6111-irsyad-hukum-khas-haji-dan-korban-siri-ke-96-bolehkah-orang-yang-belum-menunaikan-haji-memberi-tajaan-kepada-orang-lain-mengerjakan-haji	IRSYAD HUKUM KHAS HAJI DAN KORBAN SIRI KE-96: BOLEHKAH ORANG YANG BELUM MENUNAIKAN HAJI MEMBERI TAJAAN KEPADA ORANG LAIN MENGERJAKAN HAJI?
https://muftiwp.gov.my/ms/artikel/irsyad-hukum/edisi-haji-korban/6121-irsyad-hukum-khas-haji-dan-korban-siri-ke-97-adakah-wajib-menggunakan-harta-si-mati-untuk-menunaikan-badal-hajinya	IRSYAD HUKUM KHAS HAJI DAN KORBAN SIRI KE-97: ADAKAH WAJIB MENGGUNAKAN HARTA SI MATI UNTUK MENUNAIKAN BADAL HAJINYA?
https://muftiwp.gov.my/ms/artikel/irsyad-hukum/edisi-haji-korban/6248-irsyad-hukum-khas-haji-dan-korban-siri-ke-98-berapa-kalikah-rasulullah-saw-pernah-menunaikan-umrah	IRSYAD HUKUM KHAS HAJI DAN KORBAN SIRI KE-98: BERAPA KALIKAH RASULULLAH SAW PERNAH MENUNAIKAN UMRAH?
https://muftiwp.gov.my/ms/artikel/irsyad-hukum/edisi-haji-korban/6250-irsyad-hukum-khas-haji-dan-korban-siri-ke-99-hukum-menggunakan-payung-ketika-ihram	IRSYAD HUKUM KHAS HAJI DAN KORBAN SIRI KE-99: HUKUM MENGGUNAKAN PAYUNG KETIKA IHRAM
https://muftiwp.gov.my/ms/artikel/irsyad-hukum/edisi-haji-korban/6251-irsyad-hukum-khas-haji-dan-korban-siri-ke-100-hukum-tertidur-selepas-mengerjakan-tawaf-wada	IRSYAD HUKUM KHAS HAJI DAN KORBAN SIRI KE-100: HUKUM TERTIDUR SELEPAS MENGERJAKAN TAWAF WADA‘
https://muftiwp.gov.my/ms/artikel/irsyad-hukum/edisi-haji-korban/6252-irsyad-hukum-khas-haji-dan-korban-siri-ke-101-hukum-penggunaan-minyak-angin-dalam-keadaan-ihram	IRSYAD HUKUM KHAS HAJI DAN KORBAN SIRI KE-101: HUKUM PENGGUNAAN MINYAK ANGIN DALAM KEADAAN IHRAM
https://muftiwp.gov.my/ms/artikel/irsyad-hukum/edisi-haji-korban/6262-irsyad-hukum-khas-haji-dan-korban-siri-ke-102-hukum-pemakaian-gelang-tangan-haji-bagi-jemaah-lelaki	IRSYAD HUKUM KHAS HAJI DAN KORBAN SIRI KE-102: HUKUM PEMAKAIAN GELANG TANGAN HAJI BAGI JEMAAH LELAKI
https://muftiwp.gov.my/ms/artikel/irsyad-hukum/edisi-haji-korban/6264-irsyad-hukum-khas-haji-dan-korban-siri-ke-103-adakah-peserta-korban-boleh-mengambil-bahagian-bahagian-lain-seperti-ekor-kepala-atau-tanduk-haiwan-korban	IRSYAD HUKUM KHAS HAJI DAN KORBAN SIRI KE-103: ADAKAH PESERTA KORBAN BOLEH MENGAMBIL BAHAGIAN-BAHAGIAN LAIN SEPERTI EKOR, KEPALA ATAU TANDUK HAIWAN KORBAN?
https://muftiwp.gov.my/ms/artikel/irsyad-hukum/edisi-haji-korban/6267-irsyad-hukum-khas-haji-dan-korban-siri-ke-104-status-darah-selepas-putus-haid-ketika-menunaikan-haji	IRSYAD HUKUM KHAS HAJI DAN KORBAN SIRI KE-104: STATUS DARAH SELEPAS PUTUS HAID KETIKA MENUNAIKAN HAJI
https://muftiwp.gov.my/ms/artikel/irsyad-hukum/edisi-haji-korban/6268-irsyad-hukum-khas-haji-dan-korban-siri-ke-105-hukum-memberikan-daging-korban-kepada-jiran-non-muslim	IRSYAD HUKUM KHAS HAJI DAN KORBAN SIRI KE-105: HUKUM MEMBERIKAN DAGING KORBAN KEPADA JIRAN NON MUSLIM
https://muftiwp.gov.my/ms/artikel/irsyad-hukum/edisi-haji-korban/6270-irsyad-hukum-khas-haji-dan-korban-siri-ke-106-adakah-lafaz-ini-korbanku-menjadikan-korban-sebagai-nazar	IRSYAD HUKUM KHAS HAJI DAN KORBAN SIRI KE-106: ADAKAH LAFAZ “INI KORBANKU” MENJADIKAN KORBAN SEBAGAI NAZAR?
https://muftiwp.gov.my/ms/artikel/irsyad-hukum/edisi-haji-korban/6279-sedih-tengok-haiwan-dikorbankan-ibadah-korban-bukanlah-satu-penganiayaan-terhadap-haiwan-korban	IRSYAD HUKUM KHAS HAJI DAN KORBAN SIRI KE-107: SEDIH TENGOK HAIWAN DIKORBANKAN - IBADAH KORBAN BUKANLAH SATU PENGANIAYAAN TERHADAP HAIWAN KORBAN
https://muftiwp.gov.my/ms/artikel/irsyad-hukum/edisi-haji-korban/6591-irsyad-hukum-khas-haji-dan-korban-siri-ke-108-syaitan-diikat-pada-dinding-jamrah	IRSYAD HUKUM KHAS HAJI DAN KORBAN SIRI KE-108: SYAITAN DIIKAT PADA DINDING JAMRAH?
https://muftiwp.gov.my/ms/artikel/irsyad-hukum/edisi-haji-korban/6594-irsyad-hukum-khas-haji-dan-korban-siri-ke-109-melanggar-larangan-ihram-kerana-terlupa-adakah-dikenakan-fidyah-2	IRSYAD HUKUM KHAS HAJI DAN KORBAN SIRI KE-109: MELANGGAR LARANGAN IHRAM KERANA TERLUPA: ADAKAH DIKENAKAN FIDYAH?
https://muftiwp.gov.my/ms/artikel/irsyad-hukum/edisi-haji-korban/6595-irsyad-hukum-khas-haji-dan-korban-siri-ke-110-bolehkah-menggunakan-harta-pusaka-untuk-melakukan-haji-sunat-bagi-si-mati	IRSYAD HUKUM KHAS HAJI DAN KORBAN SIRI KE-110: BOLEHKAH MENGGUNAKAN HARTA PUSAKA UNTUK MELAKUKAN HAJI SUNAT BAGI SI MATI